{
  "piatti": [
    {
      "id": 1,
      "nome": "Risotto ai Funghi Porcini",
      "descrizione": "Risotto cremoso con funghi porcini freschi e parmigiano invecchiato",
      "categoria": "primi",
      "note_aromatiche": ["terroso", "burroso", "umami"],
      "intensita": "media"
    },
    {
      "id": 2,
      "nome": "Filetto di Manzo al Barolo",
      "descrizione": "Filetto di manzo piemontese con riduzione di Barolo e patate arrosto",
      "categoria": "secondi",
      "note_aromatiche": ["intenso", "tannico", "speziato"],
      "intensita": "alta"
    },
    {
      "id": 3,
      "nome": "Branzino al Sale con Verdure",
      "descrizione": "Branzino intero cotto al sale con verdure di stagione",
      "categoria": "secondi",
      "note_aromatiche": ["delicato", "marino", "fresco"],
      "intensita": "leggera"
    },
    {
      "id": 4,
      "nome": "Tagliatelle al Tartufo Bianco",
      "descrizione": "Tagliatelle fresche con burro e tartufo bianco d'Alba",
      "categoria": "primi",
      "note_aromatiche": ["elegante", "terroso", "burroso"],
      "intensita": "media-alta"
    },
    {
      "id": 5,
      "nome": "Caprese Gourmet",
      "descrizione": "Mozzarella di bufala DOP, pomodori cuore di bue e basilico fresco",
      "categoria": "antipasti",
      "note_aromatiche": ["fresco", "cremoso", "erbaceo"],
      "intensita": "leggera"
    },
    {
      "id": 6,
      "nome": "Tiramisù Classico",
      "descrizione": "Tiramisù tradizionale con savoiardi, mascarpone e caffè espresso",
      "categoria": "dolci",
      "note_aromatiche": ["dolce", "cremoso", "caffè"],
      "intensita": "media"
    }
  ],
  "vini": [
    {
      "id": 1,
      "nome": "Barolo DOCG 2018",
      "tipo": "rosso",
      "regione": "Piemonte",
      "vitigno": "Nebbiolo",
      "note_aromatiche": ["rosa", "ciliegia", "liquirizia", "tabacco"],
      "corpo": "pieno",
      "tannicita": "alta",
      "prezzo": "€ 45",
      "abbinamenti_ideali": ["carni rosse", "selvaggina", "formaggi stagionati"]
    },
    {
      "id": 2,
      "nome": "Vermentino di Gallura DOCG 2022",
      "tipo": "bianco",
      "regione": "Sardegna",
      "vitigno": "Vermentino",
      "note_aromatiche": ["agrumi", "mandorla", "erbe mediterranee", "minerale"],
      "corpo": "medio",
      "acidita": "media-alta",
      "prezzo": "€ 18",
      "abbinamenti_ideali": ["pesce", "crostacei", "antipasti di mare"]
    },
    {
      "id": 3,
      "nome": "Franciacorta Brut DOCG",
      "tipo": "spumante",
      "regione": "Lombardia",
      "vitigno": "Chardonnay, Pinot Nero",
      "note_aromatiche": ["lieviti", "pane tostato", "mela verde", "fiori bianchi"],
      "corpo": "medio",
      "perlage": "fine e persistente",
      "prezzo": "€ 28",
      "abbinamenti_ideali": ["aperitivo", "antipasti", "risotti delicati"]
    },
    {
      "id": 4,
      "nome": "Chianti Classico Riserva DOCG 2019",
      "tipo": "rosso",
      "regione": "Toscana",
      "vitigno": "Sangiovese",
      "note_aromatiche": ["ciliegia", "viola", "spezie", "cuoio"],
      "corpo": "medio-pieno",
      "tannicita": "media",
      "prezzo": "€ 25",
      "abbinamenti_ideali": ["pasta al ragù", "bistecca", "formaggi medi"]
    },
    {
      "id": 5,
      "nome": "Gavi di Gavi DOCG 2023",
      "tipo": "bianco",
      "regione": "Piemonte",
      "vitigno": "Cortese",
      "note_aromatiche": ["pesca bianca", "acacia", "mandorla", "limone"],
      "corpo": "leggero-medio",
      "acidita": "alta",
      "prezzo": "€ 16",
      "abbinamenti_ideali": ["antipasti leggeri", "pesce bianco", "verdure"]
    },
    {
      "id": 6,
      "nome": "Amarone della Valpolicella DOCG 2017",
      "tipo": "rosso",
      "regione": "Veneto",
      "vitigno": "Corvina, Rondinella, Molinara",
      "note_aromatiche": ["prugna secca", "cioccolato", "spezie dolci", "tabacco"],
      "corpo": "pieno",
      "alcol": "15.5%",
      "prezzo": "€ 55",
      "abbinamenti_ideali": ["brasati", "selvaggina", "formaggi erborinati"]
    },
    {
      "id": 7,
      "nome": "Greco di Tufo DOCG 2022",
      "tipo": "bianco",
      "regione": "Campania",
      "vitigno": "Greco",
      "note_aromatiche": ["pera", "mandorla", "fiori gialli", "idrocarburo"],
      "corpo": "medio",
      "acidita": "alta",
      "prezzo": "€ 20",
      "abbinamenti_ideali": ["crostacei", "pesce azzurro", "risotti"]
    },
    {
      "id": 8,
      "nome": "Brunello di Montalcino DOCG 2018",
      "tipo": "rosso",
      "regione": "Toscana",
      "vitigno": "Sangiovese Grosso",
      "note_aromatiche": ["frutti rossi maturi", "vaniglia", "cuoio", "tabacco"],
      "corpo": "pieno",
      "tannicita": "alta",
      "prezzo": "€ 65",
      "abbinamenti_ideali": ["carni rosse", "tartufo", "formaggi stagionati"]
    },
    {
      "id": 9,
      "nome": "Prosecco Superiore DOCG Valdobbiadene",
      "tipo": "spumante",
      "regione": "Veneto",
      "vitigno": "Glera",
      "note_aromatiche": ["mela", "pera", "fiori bianchi", "mandorla"],
      "corpo": "leggero",
      "perlage": "fine",
      "prezzo": "€ 14",
      "abbinamenti_ideali": ["aperitivo", "antipasti leggeri", "dessert"]
    },
    {
      "id": 10,
      "nome": "Passito di Pantelleria DOC",
      "tipo": "dolce",
      "regione": "Sicilia",
      "vitigno": "Zibibbo",
      "note_aromatiche": ["albicocca", "miele", "agrumi canditi", "fiori d'arancio"],
      "corpo": "pieno",
      "dolcezza": "alta",
      "prezzo": "€ 22",
      "abbinamenti_ideali": ["dolci", "formaggi erborinati", "pasticceria secca"]
    }
  ]
}
